{
	"block.note_block.guitar": {
		"sounds": [
			"block/note_block/guitar"
		]
	},
	"block.note_block.flute": {
		"sounds": [
			"block/note_block/flute"
		]
	},
	"block.note_block.bell": {
		"sounds": [
			"block/note_block/bell"
		]
	},
	"block.note_block.icechime": {
		"sounds": [
			"block/note_block/icechime"
		]
	},
	"block.note_block.xylobone": {
		"sounds": [
			"block/note_block/xylobone"
		]
	},
	"block.note_block.iron_xylophone": {
		"sounds": [
			"block/note_block/iron_xylophone"
		]
	},
	"block.note_block.cow_bell": {
		"sounds": [
			"block/note_block/cow_bell"
		]
	},
	"block.note_block.didgeridoo": {
		"sounds": [
			"block/note_block/didgeridoo"
		]
	},
	"block.note_block.bit": {
		"sounds": [
			"block/note_block/bit"
		]
	},
	"block.note_block.banjo": {
		"sounds": [
			"block/note_block/banjo"
		]
	},
	"block.note_block.banjo_-1": {
		"sounds": [
			"block/note_block/banjo_-1"
		],
		"subtitle": "subtitles.block.note_block.note"
	},
	"block.note_block.banjo_1": {
		"sounds": [
			"block/note_block/banjo_1"
		],
		"subtitle": "subtitles.block.note_block.note"
	},
	"block.note_block.bdrum_-1": {
		"sounds": [
			"block/note_block/bdrum_-1"
		],
		"subtitle": "subtitles.block.note_block.note"
	},
	"block.note_block.bdrum_1": {
		"sounds": [
			"block/note_block/bdrum_1"
		],
		"subtitle": "subtitles.block.note_block.note"
	},
	"block.note_block.bell_-1": {
		"sounds": [
			"block/note_block/bell_-1"
		],
		"subtitle": "subtitles.block.note_block.note"
	},
	"block.note_block.bell_1": {
		"sounds": [
			"block/note_block/bell_1"
		],
		"subtitle": "subtitles.block.note_block.note"
	},
	"block.note_block.bit_-1": {
		"sounds": [
			"block/note_block/bit_-1"
		],
		"subtitle": "subtitles.block.note_block.note"
	},
	"block.note_block.bit_1": {
		"sounds": [
			"block/note_block/bit_1"
		],
		"subtitle": "subtitles.block.note_block.note"
	},
	"block.note_block.click_-1": {
		"sounds": [
			"block/note_block/click_-1"
		],
		"subtitle": "subtitles.block.note_block.note"
	},
	"block.note_block.click_1": {
		"sounds": [
			"block/note_block/click_1"
		]
	},
	"block.note_block.cow_bell_-1": {
		"sounds": [
			"block/note_block/cow_bell_-1"
		],
		"subtitle": "subtitles.block.note_block.note"
	},
	"block.note_block.dbass_-1": {
		"sounds": [
			"block/note_block/dbass_-1"
		],
		"subtitle": "subtitles.block.note_block.note"
	},
	"block.note_block.dbass_1": {
		"sounds": [
			"block/note_block/dbass_1"
		],
		"subtitle": "subtitles.block.note_block.note"
	},
	"block.note_block.didgeridoo_-1": {
		"sounds": [
			"block/note_block/didgeridoo_-1"
		],
		"subtitle": "subtitles.block.note_block.note"
	},
	"block.note_block.didgeridoo_1": {
		"sounds": [
			"block/note_block/didgeridoo_1"
		],
		"subtitle": "subtitles.block.note_block.note"
	},
	"block.note_block.flute_-1": {
		"sounds": [
			"block/note_block/flute_-1"
		],
		"subtitle": "subtitles.block.note_block.note"
	},
	"block.note_block.flute_1": {
		"sounds": [
			"block/note_block/flute_1"
		],
		"subtitle": "subtitles.block.note_block.note"
	},
	"block.note_block.guitar_-1": {
		"sounds": [
			"block/note_block/guitar_-1"
		],
		"subtitle": "subtitles.block.note_block.note"
	},
	"block.note_block.guitar_1": {
		"sounds": [
			"block/note_block/guitar_1"
		],
		"subtitle": "subtitles.block.note_block.note"
	},
	"block.note_block.harp_-1": {
		"sounds": [
			"block/note_block/harp_-1"
		],
		"subtitle": "subtitles.block.note_block.note"
	},
	"block.note_block.harp_1": {
		"sounds": [
			"block/note_block/harp_1"
		],
		"subtitle": "subtitles.block.note_block.note"
	},
	"block.note_block.icechime_-1": {
		"sounds": [
			"block/note_block/icechime_-1"
		],
		"subtitle": "subtitles.block.note_block.note"
	},
	"block.note_block.icechime_1": {
		"sounds": [
			"block/note_block/icechime_1"
		],
		"subtitle": "subtitles.block.note_block.note"
	},
	"block.note_block.iron_xylophone_-1": {
		"sounds": [
			"block/note_block/iron_xylophone_-1"
		],
		"subtitle": "subtitles.block.note_block.note"
	},
	"block.note_block.iron_xylophone_1": {
		"sounds": [
			"block/note_block/iron_xylophone_1"
		],
		"subtitle": "subtitles.block.note_block.note"
	},
	"block.note_block.pling_-1": {
		"sounds": [
			"block/note_block/pling_-1"
		],
		"subtitle": "subtitles.block.note_block.note"
	},
	"block.note_block.pling_1": {
		"sounds": [
			"block/note_block/pling_1"
		],
		"subtitle": "subtitles.block.note_block.note"
	},
	"block.note_block.sdrum_-1": {
		"sounds": [
			"block/note_block/sdrum_-1"
		],
		"subtitle": "subtitles.block.note_block.note"
	},
	"block.note_block.sdrum_1": {
		"sounds": [
			"block/note_block/sdrum_1"
		],
		"subtitle": "subtitles.block.note_block.note"
	},
	"block.note_block.xylobone_-1": {
		"sounds": [
			"block/note_block/xylobone_-1"
		],
		"subtitle": "subtitles.block.note_block.note"
	},
	"block.note_block.xylobone_1": {
		"sounds": [
			"block/note_block/xylobone_1"
		],
		"subtitle": "subtitles.block.note_block.note"
	}
}