{
  "guitar": {
    "sounds": [
      "guitar"
    ]
  },
  "flute": {
    "sounds": [
      "flute"
    ]
  },
  "bell": {
    "sounds": [
      "bell"
    ]
  },
  "icechime": {
    "sounds": [
      "icechime"
    ]
  },
  "xylobone": {
    "sounds": [
      "xylobone"
    ]
  },
  "iron_xylophone": {
    "sounds": [
      "iron_xylophone"
    ]
  },
  "cow_bell": {
    "sounds": [
      "cow_bell"
    ]
  },
  "didgeridoo": {
    "sounds": [
      "didgeridoo"
    ]
  },
  "bit": {
    "sounds": [
      "bit"
    ]
  },
  "banjo": {
    "sounds": [
      "banjo"
    ]
  }
}